<core:FragmentDefinition xmlns="sap.m" xmlns:core="sap.ui.core" xmlns:f="sap.ui.layout.form">
    <Dialog id="AddRoleDialog" title="Add Role">
        <content>
            <f:SimpleForm id="AddRoleForm" editable="true" >
                <f:content>
                    <Label id="lblName" text="RoleName" labelFor="inpName" />
                    <Input id="inpName" editable="true" value="{name}"/>
                    <Label id="lblDescription" text="Description" labelFor="inpDescription" />
                    <Input id="inpDescription" editable="true" value="{Description}"/>
                    <Label id="lblRoleStatus" text="Role Status" labelFor="inpRoleStatus" />
                    <Input id="inpRoleStatus" editable="true" value="{name}"/>
                    <Label id="lblRoleType" text="Role Type" labelFor="inpRoleType" />
                    <Input id="inpRoleType" editable="true" value="{name}"/>
                </f:content>
            </f:SimpleForm>
        </content>
        <beginButton>
            <Button type="Emphasized" text="Submit"/>
        </beginButton>
        <endButton>
            <Button text="Cancel" press="onDialogClose"/>
        </endButton>
    </Dialog>
</core:FragmentDefinition>