<core:FragmentDefinition xmlns="sap.m"
    xmlns:smartForm="sap.ui.comp.smartform"
	xmlns:smartField="sap.ui.comp.smartfield"
    xmlns:l="sap.ui.layout"
	xmlns:f="sap.ui.layout.form"
    xmlns:core="sap.ui.core">
    <Dialog title="Add Department" contentWidth="400px">
        <content>
            <f:Form id="addDptForm"
			editable="true">
			<f:layout>
				<f:ResponsiveGridLayout
					labelSpanXL="4"
					labelSpanL="3"
					labelSpanM="4"
					labelSpanS="12"
					adjustLabelSpan="false"
					emptySpanXL="0"
					emptySpanL="4"
					emptySpanM="0"
					emptySpanS="0"
					columnsXL="2"
					columnsL="1"
					columnsM="1"
					singleContainerFullSize="false" />
			</f:layout>
			<f:formContainers>
				<f:FormContainer>
					<f:formElements>
						<f:FormElement label="Department Name">
							<f:fields>
								<Input value=""/>
							</f:fields>
						</f:FormElement>
                        <f:FormElement label="Department Description">
							<f:fields>
								<Input value=""/>
							</f:fields>
						</f:FormElement>
                        <f:FormElement label="HOD">
							<f:fields>
                                <ComboBox id="EmpUser" items="{/EmployeeUser}">
                                        <core:Item key="{EmployeeID}" text="{EmployeeName}" />
                                </ComboBox>
							</f:fields>
						</f:FormElement>
                        <f:FormElement label="Department Type">
							<f:fields>
								<Select>
                                    <core:Item key="Inernal" text="Inernal" />
                                    <core:Item key="External" text="External" />
                                </Select>
							</f:fields>
						</f:FormElement>
                        <f:FormElement label="Department Status">
							<f:fields>
								<Select>
                                    <core:Item key="Active" text="Active" />
                                    <core:Item key="Inactive" text="Inactive" />
                                </Select>
							</f:fields>
						</f:FormElement>
					</f:formElements>
				</f:FormContainer>
			</f:formContainers>
		</f:Form>
        </content>
        <beginButton>
            <Button text="Save" type="Emphasized" press="onDeptSave"/>
        </beginButton>
        <endButton>
            <Button text="Close" press="onCloseAddDeptDlg"/>
        </endButton>
    </Dialog>
</core:FragmentDefinition>