<core:FragmentDefinition xmlns="sap.m"
    xmlns:smartForm="sap.ui.comp.smartform"
	xmlns:smartField="sap.ui.comp.smartfield"
    xmlns:l="sap.ui.layout"
	xmlns:f="sap.ui.layout.form"
    xmlns:core="sap.ui.core">
    <Dialog title="Add Team" contentWidth="400px">
        <content>
            <f:Form id="addTeamForm"
			editable="true">
			<f:layout>
				<f:ResponsiveGridLayout
					labelSpanXL="4"
					labelSpanL="3"
					labelSpanM="4"
					labelSpanS="12"
					adjustLabelSpan="false"
					emptySpanXL="0"
					emptySpanL="4"
					emptySpanM="0"
					emptySpanS="0"
					columnsXL="2"
					columnsL="1"
					columnsM="1"
					singleContainerFullSize="false" />
			</f:layout>
			<f:formContainers>
				<f:FormContainer>
					<f:formElements>
						<f:FormElement label="Team Name">
							<f:fields>
								<Input value=""/>
							</f:fields>
						</f:FormElement>
                        <f:FormElement label="Team Description">
							<f:fields>
								<Input value=""/>
							</f:fields>
						</f:FormElement>
                        <f:FormElement label="Department">
							<f:fields>
								<ComboBox id="addTeamDptCB" items="{/DepartmentHeader}">
                                        <core:Item key="{DepartmentID}" text="{DepartmentName}" />
                                </ComboBox>
							</f:fields>
						</f:FormElement>
					</f:formElements>
				</f:FormContainer>
			</f:formContainers>
		</f:Form>
        </content>
        <beginButton>
            <Button text="Save" type="Emphasized" press="onTeamSave"/>
        </beginButton>
        <endButton>
            <Button text="Close" press="onCloseAddTeamDlg"/>
        </endButton>
    </Dialog>
</core:FragmentDefinition>