<core:FragmentDefinition
	xmlns="sap.m"
	xmlns:l="sap.ui.layout"
	xmlns:f="sap.ui.layout.form"
	xmlns:core="sap.ui.core">
	
		<!-- <f:Form id="goalform"
			editable="true">
			<f:layout>
				<f:ResponsiveGridLayout
					labelSpanXL="4"
					labelSpanL="3"
					labelSpanM="4"
					labelSpanS="12"
					adjustLabelSpan="false"
					emptySpanXL="0"
					emptySpanL="4"
					emptySpanM="0"
					emptySpanS="0"
					columnsXL="2"
					columnsL="1"
					columnsM="1"
					singleContainerFullSize="false" />
			</f:layout>
			<f:formContainers>
				<f:FormContainer formElements="{/fields}">
					<f:formElements>
						<f:FormElement label="{label}">
							<f:fields>
								<Input/>
							</f:fields>
						</f:FormElement>
					</f:formElements>
				</f:FormContainer>
			</f:formContainers>
		</f:Form> -->
        <f:Form id="FormGoal"
			editable="true">
			<f:title>
			</f:title>
			<f:layout>
				<f:ColumnLayout
					columnsM="2"
					columnsL="2"
					columnsXL="3"
				/>
			</f:layout>
			<f:formContainers>
				<f:FormContainer>
					<f:formElements>
						<!-- <f:FormElement label="Name">
							<f:fields>
								<Input value="{SupplierName}" id="name"/>
							</f:fields>
						</f:FormElement>
						<f:FormElement label="Street">
							<f:fields>
								<Input value="{Street}" />
								<Input value="{HouseNumber}">
									<layoutData>
										<f:ColumnElementData cellsSmall="2" cellsLarge="1" />
									</layoutData>
								</Input>
							</f:fields>
						</f:FormElement> -->
					</f:formElements>
				</f:FormContainer>
			</f:formContainers>
		</f:Form>

</core:FragmentDefinition>