<core:FragmentDefinition
	xmlns="sap.ui.comp.valuehelpdialog"
	xmlns:m="sap.m"
	xmlns:smartFilterBar="sap.ui.comp.smartfilterbar"
	xmlns:core="sap.ui.core">
	<ValueHelpDialog
		title="Departments"
		supportRanges="true"
        tokenDisplayBehaviour="descriptionOnly"
		key="DepartmentName"
        descriptionKey="DepartmentName"
	>
    <buttons>
    <m:Button text="Assign" type="Emphasized" press="onDepartmentAssign"/>
    <m:Button text="Cancel" press="onDepartmentDialogClose"/>
    </buttons>
		<filterBar>
			<smartFilterBar:SmartFilterBar id="deptSmartFilterBar" persistencyKey="UniqueAndStablePersistencyKey"
			considerSelectionVariants="true" entitySet="DepartmentHeader" enableBasicSearch="true" basicSearchFieldName="DepartmentID" search=".onFilterBarSearch" showClearButton="true">
			<!-- layout data used to make the table growing but the filter bar fixed -->

		    </smartFilterBar:SmartFilterBar>
		</filterBar>
	</ValueHelpDialog>
</core:FragmentDefinition>
