<core:FragmentDefinition
	xmlns="sap.ui.comp.valuehelpdialog"
	xmlns:m="sap.m"
	xmlns:smartFilterBar="sap.ui.comp.smartfilterbar"
	xmlns:core="sap.ui.core">
	<ValueHelpDialog
		title="Suppliers"
		supportRanges="true"
        tokenDisplayBehaviour="descriptionOnly"
		key="SupplierName"
        descriptionKey="SupplierName"
	>
    <buttons>
    <m:Button text="Assign" type="Emphasized" press="onSupplierAssign"/>
    <m:Button text="Cancel" press="onSupplierDialogClose"/>
    </buttons>
		<filterBar>
			<smartFilterBar:SmartFilterBar id="supSmartFilterBar" persistencyKey="UniqueAndStablePersistencyKey"
			considerSelectionVariants="true" entitySet="SupplierHeader" enableBasicSearch="true" basicSearchFieldName="SupplierID" search=".onFilterBarSearch" showClearButton="true">
			<!-- layout data used to make the table growing but the filter bar fixed -->

		    </smartFilterBar:SmartFilterBar>
		</filterBar>
	</ValueHelpDialog>
</core:FragmentDefinition>
