{
  "controller/View1-dbg.controller.js": 1654870246260,
  "controller/View1.controller.js": 1654870246260,
  "utils/locate-reuse-libs.js": 1654870246252,
  "model/models.js": 1654870246256,
  "manifest.json": 1654870476498,
  "controller/App.controller.js": 1654870246256,
  "Component.js": 1654870246244,
  "manifest-bundle.zip": 1654870476507,
  "Component-preload.js": 1654870476710,
  "controller/App-dbg.controller.js": 1654870246256,
  "model/models-dbg.js": 1654870246256,
  "i18n/i18n.properties": 1654870246252,
  "utils/locate-reuse-libs-dbg.js": 1654870246252,
  "Component-dbg.js": 1654870246244,
  "view/View1.view.xml": 1654870246260,
  "view/App.view.xml": 1654870246260,
  "css/style.css": 1654870246260,
  "index.html": 1654870246248
}