<core:FragmentDefinition xmlns="sap.m" xmlns:core="sap.ui.core" xmlns:f="sap.ui.layout.form">
    <Dialog id="AddRoleDialog" title="Add Role">
        <content>
            <f:SimpleForm id="AddRoleForm" editable="true" >
                <f:content>
                    <Label id="lblName" text="RoleName" labelFor="inpName" />
                    <Input id="inpName" editable="true" value="{RoleName}"/>
                    <Label id="lblDescription" text="Description" labelFor="inpDescription" />
                    <Input id="inpDescription" editable="true" value="{Description}"/>
                    <Label id="lblRoleStatus" text="Role Status" labelFor="inpRoleStatus" />
                    <Select id="inpRoleStatus" selectedKey="{RoleStatus}">
					    <core:Item key="Active" text="Active" />
                        <core:Item key="Inactive" text="Inactive" />
				    </Select>
                    <Label  text="Role Type" labelFor="inpRoleType" />
                    <Select id="inpRoleType" selectedKey="{RoleType}">
					    <core:Item key="B" text="Business" />
                        <core:Item key="T" text="Technical" />
				    </Select>
                </f:content>
            </f:SimpleForm>
        </content>
        <beginButton>
            <Button type="Emphasized" text="Save" press="onRoleSave"/>
        </beginButton>
        <endButton>
            <Button text="Cancel" press="onDialogClose"/>
        </endButton>
    </Dialog>
</core:FragmentDefinition>