{
    "welcomeFile": "/index.html",
    "authenticationMethod": "none",
    "routes": [
      {
          "source": "^/v2/sustainability/",
          "destination": "hana-srv-api",
          "csrfProtection": false,
          "authenticationType": "none"
      },
      {
        "source": "^/resources/(.*)$",
        "target": "/resources/$1",
        "authenticationType": "none",
        "destination": "ui5"
      },
      {
        "source": "^/test-resources/(.*)$",
        "target": "/test-resources/$1",
        "authenticationType": "none",
        "destination": "ui5"
      },
      {
        "source": "^(.*)$",
        "target": "$1",
        "service": "html5-apps-repo-rt",
        "authenticationType": "xsuaa"
      }
    ]
  }
  