{
  "controller/ActivateUsers.controller.js": 1656939838224,
  "controller/AddSupplier.controller.js": 1655128215745,
  "manifest.json": 1660843597544,
  "utils/locate-reuse-libs.js": 1655128219133,
  "model/models.js": 1655128218797,
  "controller/RoleMaintain.controller.js": 1660311564405,
  "controller/RoalDetails.controller.js": 1660311225805,
  "controller/Requests.controller.js": 1655128217161,
  "controller/OrgStructure.controller.js": 1657750222613,
  "controller/MaintainGoal.controller.js": 1655128216921,
  "controller/MaintainDepartment.controller.js": 1656941081781,
  "controller/Login.controller.js": 1656935282824,
  "controller/Invite.controller.js": 1655128216445,
  "controller/EnhancementReq.controller.js": 1655215655444,
  "controller/BaseController.js": 1660307897626,
  "controller/App.controller.js": 1657750369386,
  "controller/AddUser.controller.js": 1656936288541,
  "utils/graph.json": 1655910412899,
  "i18n/i18n.properties": 1655128217633,
  "controller/ActivateSuppliers.controller.js": 1656940285301,
  "Component.js": 1655128215257,
  "manifest-bundle.zip": 1660843597557,
  "Component-preload.js": 1660843598041,
  "controller/EnhancementReq-dbg.controller.js": 1655215655444,
  "model/models-dbg.js": 1655128218797,
  "controller/RoleMaintain-dbg.controller.js": 1660311564405,
  "controller/RoalDetails-dbg.controller.js": 1660311225805,
  "controller/Requests-dbg.controller.js": 1655128217161,
  "controller/OrgStructure-dbg.controller.js": 1657750222613,
  "controller/MaintainGoal-dbg.controller.js": 1655128216921,
  "controller/MaintainDepartment-dbg.controller.js": 1656941081781,
  "controller/Login-dbg.controller.js": 1656935282824,
  "controller/Invite-dbg.controller.js": 1655128216445,
  "utils/locate-reuse-libs-dbg.js": 1655128219133,
  "controller/BaseController-dbg.js": 1660307897626,
  "controller/App-dbg.controller.js": 1657750369386,
  "controller/AddUser-dbg.controller.js": 1656936288541,
  "controller/AddSupplier-dbg.controller.js": 1655128215745,
  "controller/ActivateUsers-dbg.controller.js": 1656939838224,
  "controller/ActivateSuppliers-dbg.controller.js": 1656940285301,
  "Component-dbg.js": 1655128215257,
  "view/RoleMaintain.view.xml": 1657720990245,
  "view/RoleDetails.view.xml": 1660312826931,
  "view/Requests.view.xml": 1655128221013,
  "view/OrgStructure.view.xml": 1657750084065,
  "view/MaintainGoal.view.xml": 1655128220777,
  "view/MaintainDepartment.view.xml": 1656940952465,
  "view/Login.view.xml": 1656943170569,
  "view/Invite.view.xml": 1655128220301,
  "view/EnhancementReq.view.xml": 1655216641408,
  "view/App.view.xml": 1655128220065,
  "view/AddUser.view.xml": 1656937433794,
  "view/AddSupplier.view.xml": 1655128219589,
  "view/ActivateUsers.view.xml": 1656938484583,
  "view/ActivateSuppliers.view.xml": 1656940534497,
  "utils/person-icon.png": 1655911561209,
  "fragments/TooltipFragment.fragment.xml": 1657803977178,
  "fragments/BusyDialog.fragment.xml": 1660307857158,
  "fragments/AddRole.fragment.xml": 1658241033292,
  "css/style.css": 1656943203313,
  "index.html": 1655128217869
}