{
  "Component-dbg.js": 1655128215257,
  "manifest.json": 1655737134373,
  "utils/locate-reuse-libs.js": 1655128219133,
  "model/models.js": 1655128218797,
  "controller/Requests.controller.js": 1655128217161,
  "controller/MaintainGoal.controller.js": 1655128216921,
  "controller/Login.controller.js": 1655128216677,
  "controller/Invite.controller.js": 1655128216445,
  "controller/EnhancementReq.controller.js": 1655215655444,
  "controller/App.controller.js": 1655215982861,
  "controller/AddUser.controller.js": 1655128215969,
  "controller/AddSupplier.controller.js": 1655128215745,
  "controller/ActivateUsers.controller.js": 1655128215497,
  "Component.js": 1655128215257,
  "manifest-bundle.zip": 1655737134383,
  "Component-preload.js": 1655737134697,
  "controller/MaintainGoal-dbg.controller.js": 1655128216921,
  "model/models-dbg.js": 1655128218797,
  "controller/Requests-dbg.controller.js": 1655128217161,
  "utils/locate-reuse-libs-dbg.js": 1655128219133,
  "controller/Login-dbg.controller.js": 1655128216677,
  "controller/Invite-dbg.controller.js": 1655128216445,
  "controller/EnhancementReq-dbg.controller.js": 1655215655444,
  "controller/App-dbg.controller.js": 1655215982861,
  "controller/AddUser-dbg.controller.js": 1655128215969,
  "controller/AddSupplier-dbg.controller.js": 1655128215745,
  "controller/ActivateUsers-dbg.controller.js": 1655128215497,
  "i18n/i18n.properties": 1655128217633,
  "view/Requests.view.xml": 1655128221013,
  "view/MaintainGoal.view.xml": 1655128220777,
  "view/Login.view.xml": 1655128220545,
  "view/Invite.view.xml": 1655128220301,
  "view/EnhancementReq.view.xml": 1655216641408,
  "view/App.view.xml": 1655128220065,
  "view/AddUser.view.xml": 1655128219821,
  "view/AddSupplier.view.xml": 1655128219589,
  "view/ActivateUsers.view.xml": 1655128219357,
  "css/style.css": 1655128217393,
  "index.html": 1655128217869
}