{
  "view/SD2.view.xml": 1654021576277,
  "controller/SD2.controller.js": 1654021562985,
  "mockdata/supplier.json": 1654021574113,
  "manifest.json": 1658158638914,
  "utils/util.js": 1654021574505,
  "utils/locate-reuse-libs.js": 1654021574225,
  "model/models.js": 1654021574113,
  "controller/login.controller.js": 1657813065304,
  "controller/goals.controller.js": 1654021561809,
  "controller/TeamManagement.controller.js": 1657813601885,
  "controller/SD2previewdata.controller.js": 1654021563049,
  "utils/graph.json": 1656942570884,
  "controller/SD1.controller.js": 1657741134823,
  "controller/S1.controller.js": 1654021562617,
  "controller/Reports.controller.js": 1657295131167,
  "controller/OrgStructure.controller.js": 1657894409998,
  "controller/GoalDetail.controller.js": 1657802352807,
  "controller/App.controller.js": 1657812581862,
  "controller/Analytics.controller.js": 1655371970591,
  "Component.js": 1654021525080,
  "manifest-bundle.zip": 1658158638926,
  "Component-preload.js": 1658158639709,
  "controller/Reports-dbg.controller.js": 1657295131167,
  "utils/locate-reuse-libs-dbg.js": 1654021574225,
  "model/models-dbg.js": 1654021574113,
  "controller/login-dbg.controller.js": 1657813065304,
  "controller/goals-dbg.controller.js": 1654021561809,
  "controller/TeamManagement-dbg.controller.js": 1657813601885,
  "controller/SD2previewdata-dbg.controller.js": 1654021563049,
  "controller/SD2-dbg.controller.js": 1654021562985,
  "controller/SD1-dbg.controller.js": 1657741134823,
  "controller/S1-dbg.controller.js": 1654021562617,
  "utils/util-dbg.js": 1654021574505,
  "controller/OrgStructure-dbg.controller.js": 1657894409998,
  "controller/GoalDetail-dbg.controller.js": 1657802352807,
  "controller/App-dbg.controller.js": 1657812581862,
  "controller/Analytics-dbg.controller.js": 1655371970591,
  "Component-dbg.js": 1654021525080,
  "view/login.view.xml": 1654021575397,
  "view/goals.view.xml": 1654021575169,
  "view/TeamManagement.view.xml": 1654021576753,
  "view/SD2previewdata.view.xml": 1654021576517,
  "i18n/i18n.properties": 1654021573065,
  "view/SD1.view.xml": 1655467369777,
  "view/S1.view.xml": 1654021575841,
  "view/Reports.view.xml": 1654021575625,
  "view/OrgStructure.view.xml": 1657811903650,
  "view/GoalDetail.view.xml": 1657802495055,
  "view/App.view.xml": 1656941963839,
  "view/Analytics.view.xml": 1657799929674,
  "utils/person-icon.png": 1656942781377,
  "utils/logo.png": 1658157556437,
  "utils/SBTi.png": 1655468319678,
  "utils/CDP.png": 1655467854102,
  "fragments/UploadReports.fragment.xml": 1654021572841,
  "fragments/TooltipFragment.fragment.xml": 1658157766703,
  "fragments/SupplierGoalUpdate.fragment.xml": 1654021572629,
  "fragments/SupplierGoal.fragment.xml": 1654021572393,
  "fragments/GoalFilter.fragment.xml": 1655410394598,
  "fragments/GoalDetDisplay.fragment.xml": 1654021572077,
  "fragments/EmployeeGoalUpdate.fragment.xml": 1654021571837,
  "fragments/EmployeeGoal.fragment.xml": 1654021571653,
  "fragments/Display.fragment.xml": 1654021571389,
  "fragments/Departments.fragment.xml": 1654021571141,
  "fragments/Change.fragment.xml": 1654021570921,
  "fragments/AddTeam.fragment.xml": 1654021570697,
  "fragments/AddSupplier.fragment.xml": 1654021570477,
  "fragments/AddEmployee.fragment.xml": 1657810431371,
  "fragments/AddDepartment.fragment.xml": 1654021569981,
  "css/style.css": 1655378868053,
  "index.html": 1654021525300
}