{
  "fragments/Change.fragment.xml": 1654021570921,
  "model/models.js": 1654021574113,
  "mockdata/supplier.json": 1654021574113,
  "manifest.json": 1660843593161,
  "utils/util.js": 1654021574505,
  "utils/locate-reuse-libs.js": 1654021574225,
  "utils/graph.json": 1656942570884,
  "controller/oDataHelper.js": 1659707743532,
  "controller/login.controller.js": 1660140227233,
  "controller/goals.controller.js": 1654021561809,
  "controller/TeamManagement.controller.js": 1660147257705,
  "controller/SD2previewdata.controller.js": 1654021563049,
  "controller/SD2.controller.js": 1660140313881,
  "controller/SD1.controller.js": 1660140294841,
  "controller/S1.controller.js": 1659709685475,
  "controller/Reports.controller.js": 1660752657743,
  "controller/OrgStructure.controller.js": 1660831528319,
  "controller/GoalDetail.controller.js": 1657802352807,
  "controller/BaseController.js": 1660138830563,
  "controller/App.controller.js": 1659709823052,
  "controller/Analytics.controller.js": 1660842005397,
  "Component.js": 1654021525080,
  "manifest-bundle.zip": 1660843593174,
  "Component-preload.js": 1660843594298,
  "controller/App-dbg.controller.js": 1659709823052,
  "utils/locate-reuse-libs-dbg.js": 1654021574225,
  "model/models-dbg.js": 1654021574113,
  "controller/oDataHelper-dbg.js": 1659707743532,
  "controller/login-dbg.controller.js": 1660140227233,
  "controller/goals-dbg.controller.js": 1654021561809,
  "controller/TeamManagement-dbg.controller.js": 1660147257705,
  "controller/SD2previewdata-dbg.controller.js": 1654021563049,
  "controller/SD2-dbg.controller.js": 1660140313881,
  "controller/SD1-dbg.controller.js": 1660140294841,
  "controller/S1-dbg.controller.js": 1659709685475,
  "controller/Reports-dbg.controller.js": 1660752657743,
  "controller/OrgStructure-dbg.controller.js": 1660831528319,
  "controller/GoalDetail-dbg.controller.js": 1657802352807,
  "controller/BaseController-dbg.js": 1660138830563,
  "utils/util-dbg.js": 1654021574505,
  "controller/Analytics-dbg.controller.js": 1660842005397,
  "Component-dbg.js": 1654021525080,
  "view/login.view.xml": 1659709001055,
  "view/goals.view.xml": 1659965938474,
  "view/TeamManagement.view.xml": 1659709189588,
  "view/SD2previewdata.view.xml": 1659709164808,
  "view/SD2.view.xml": 1659709147408,
  "view/SD1.view.xml": 1659709114960,
  "view/S1.view.xml": 1659709604139,
  "view/Reports.view.xml": 1659709472426,
  "view/OrgStructure.view.xml": 1660830317519,
  "view/GoalDetail.view.xml": 1659709238841,
  "view/App.view.xml": 1659708945343,
  "view/Analytics.view.xml": 1660842099388,
  "utils/person-icon.png": 1656942781377,
  "utils/logo.png": 1658157556437,
  "utils/SBTi.png": 1655468319678,
  "utils/CDP.png": 1655467854102,
  "fragments/UploadReports.fragment.xml": 1654021572841,
  "fragments/TooltipFragment.fragment.xml": 1658157766703,
  "fragments/SupplierGoalUpdate.fragment.xml": 1654021572629,
  "fragments/SupplierGoal.fragment.xml": 1654021572393,
  "fragments/GoalFilter.fragment.xml": 1655410394598,
  "fragments/GoalDetDisplay.fragment.xml": 1654021572077,
  "fragments/EmployeeGoalUpdate.fragment.xml": 1654021571837,
  "fragments/EmployeeGoal.fragment.xml": 1654021571653,
  "fragments/Display.fragment.xml": 1654021571389,
  "fragments/Departments.fragment.xml": 1654021571141,
  "i18n/i18n.properties": 1654021573065,
  "fragments/BusyDialog.fragment.xml": 1659358606151,
  "fragments/AddTeam.fragment.xml": 1654021570697,
  "fragments/AddSupplier.fragment.xml": 1654021570477,
  "fragments/AddEmployee.fragment.xml": 1660146971970,
  "fragments/AddDepartment.fragment.xml": 1654021569981,
  "fragments/.eslintrc": 1659530714410,
  "css/style.css": 1655378868053,
  "index.html": 1654021525300
}