{
  "manifest.json": 1655737129402,
  "controller/Analytics.controller.js": 1655371970591,
  "i18n/i18n.properties": 1654021573065,
  "utils/util.js": 1654021574505,
  "utils/locate-reuse-libs.js": 1654021574225,
  "model/models.js": 1654021574113,
  "controller/login.controller.js": 1654021561809,
  "controller/goals.controller.js": 1654021561809,
  "controller/TeamManagement.controller.js": 1654021563281,
  "controller/SD2previewdata.controller.js": 1654021563049,
  "controller/SD2.controller.js": 1654021562985,
  "controller/SD1.controller.js": 1655467310688,
  "controller/S1.controller.js": 1654021562617,
  "controller/Reports.controller.js": 1654021562293,
  "controller/GoalDetail.controller.js": 1655221907700,
  "controller/App.controller.js": 1655372194870,
  "mockdata/supplier.json": 1654021574113,
  "Component.js": 1654021525080,
  "manifest-bundle.zip": 1655737129429,
  "Component-preload.js": 1655737130444,
  "controller/TeamManagement-dbg.controller.js": 1654021563281,
  "utils/locate-reuse-libs-dbg.js": 1654021574225,
  "model/models-dbg.js": 1654021574113,
  "controller/login-dbg.controller.js": 1654021561809,
  "controller/goals-dbg.controller.js": 1654021561809,
  "utils/util-dbg.js": 1654021574505,
  "controller/SD2previewdata-dbg.controller.js": 1654021563049,
  "controller/SD2-dbg.controller.js": 1654021562985,
  "controller/SD1-dbg.controller.js": 1655467310688,
  "controller/S1-dbg.controller.js": 1654021562617,
  "controller/Reports-dbg.controller.js": 1654021562293,
  "controller/GoalDetail-dbg.controller.js": 1655221907700,
  "controller/App-dbg.controller.js": 1655372194870,
  "controller/Analytics-dbg.controller.js": 1655371970591,
  "Component-dbg.js": 1654021525080,
  "view/login.view.xml": 1654021575397,
  "view/goals.view.xml": 1654021575169,
  "view/TeamManagement.view.xml": 1654021576753,
  "view/SD2previewdata.view.xml": 1654021576517,
  "view/SD2.view.xml": 1654021576277,
  "view/SD1.view.xml": 1655467369777,
  "view/S1.view.xml": 1654021575841,
  "view/Reports.view.xml": 1654021575625,
  "view/GoalDetail.view.xml": 1654021574949,
  "view/App.view.xml": 1655399448149,
  "view/Analytics.view.xml": 1655468345806,
  "utils/logo.png": 1655399310684,
  "utils/SBTi.png": 1655468319678,
  "utils/CDP.png": 1655467854102,
  "fragments/UploadReports.fragment.xml": 1654021572841,
  "fragments/SupplierGoalUpdate.fragment.xml": 1654021572629,
  "fragments/SupplierGoal.fragment.xml": 1654021572393,
  "fragments/GoalFilter.fragment.xml": 1655410394598,
  "fragments/GoalDetDisplay.fragment.xml": 1654021572077,
  "fragments/EmployeeGoalUpdate.fragment.xml": 1654021571837,
  "fragments/EmployeeGoal.fragment.xml": 1654021571653,
  "fragments/Display.fragment.xml": 1654021571389,
  "fragments/Departments.fragment.xml": 1654021571141,
  "fragments/Change.fragment.xml": 1654021570921,
  "fragments/AddTeam.fragment.xml": 1654021570697,
  "fragments/AddSupplier.fragment.xml": 1654021570477,
  "fragments/AddEmployee.fragment.xml": 1654021570201,
  "fragments/AddDepartment.fragment.xml": 1654021569981,
  "css/style.css": 1655378868053,
  "index.html": 1654021525300
}